{
  "generated_at": "2026-04-30",
  "total": 39230,
  "p1_total": 18375,
  "p2_total": 20855,
  "p1_parket": 4.97,
  "p2_parket": 4.14,
  "p1_balance": 5.77,
  "p2_balance": 4.87,
  "p1_avg_src": 2.04,
  "p2_avg_src": 2.08,
  "p_parket": 7.081968484202535e-05,
  "d_parket": 0.0401,
  "p_balance": 6.802622280860925e-05,
  "scale": 516
}
